group_id	representative	count	level1	level2	level3
group_00011	to play sports	3173	Recreational	Casual	"To play sports 
Competitive"
group_00061	to lose weight	2117	Beginner	Dieting	"Reducing calorie intake
Intermediate"
group_00045	to travel	1815	Recreational	Leisure	"Tourism
Domestic"
group_00081	to be rich	1533	Financially Independent	Wealthy	"Millionaire 
Financially Stable"
group_00031	to make money	1376	Financial Goals	Earning a Living	To make money
group_00199	to start a business	1362	Planning	Research and Development	"Market Analysis
Planning"
group_00108	to buy a vehicle	1317	Acquisition	Purchase	Buy a car
group_00467	to create music	1216	Artistic Expression	Musical Composition	To create music
group_00044	to become a professional athlete	1082	Recreational	Competitive	"Elite 
Beginner"
group_00058	to be a singer	1056	Amateur	Hobbyist	"Karaoke singer
Semi"
group_00234	to earn money	919	Primary	Employment	"To earn money 
Secondary"
group_00109	to gain wealth	896	Financial Stability	Investing	"Stocks
Financial Freedom"
group_00065	to open a business	862	Entrepreneurship	Starting a Business	Launching a Company
group_00606	to acquire wealth	852	Financial Security	Investing	To acquire wealth
group_01516	to become a content creator	840	Beginner	Setting up a platform	"Creating a social media account
Intermediate"
group_00186	to be an actress	732	Career	Entertainment	Performance Artist
group_00096	to create content	704	Production	Media Creation	Content Development
group_00891	to become a musician	689	Beginner	Learning Basics	"Understanding music theory
Intermediate"
group_00809	to become a performer	675	Amateur	Hobbyist	"Local events 
Semi"
group_00459	to become an athlete	669	Recreational	Casual Participation	"Joining a local sports team
Competitive"
group_00028	to learn a language	660	Beginner	Basic Phrases	"Alphabet
Intermediate"
group_00020	to save money	621	Financial Management	Budgeting	Reducing Expenses
group_00067	to be a performer	590	Amateur	Hobbyist	"Local Event Participant
Semi"
group_00022	to be famous	583	Local Celebrity	Recognized in Community	"Known in Neighborhood
National Figure"
group_00094	to own a business	564	Entrepreneurship	Small Business	"Sole Proprietorship 
Entrepreneurship"
group_00256	to become rich	556	Financial Freedom	Wealth Accumulation	To become rich
group_00947	to have wealth	528	Financial Stability	Sufficient Income	"Having Enough Money
Financial Security"
group_00068	to buy a house	525	Life Events	Major Purchases	Real Estate Acquisition
group_00436	to be an athlete	521	Recreational	Casual Participant	"Local Sports Player
Competitive"
group_00050	to meet someone	513	Formal	Professional	"Networking
Formal"
group_00394	to gain followers	493	Novice	Building Audience	"Create Engaging Content
Intermediate"
group_00178	to be a model	483	Career	Fashion	"Runway 
Career"
group_00021	to be a soccer player	480	Recreational	Amateur	"Hobbyist
Semi"
group_00578	to play professional sports	472	Recreational	Competitive	"Professional 
Semiprofessional"
group_00042	to be a professional athlete	457	Recreational	Competitive	"Amateur 
Semi"
group_01886	to get sponsored	415	Amateur	Local Recognition	"Community Events
Semi"
group_00017	to buy a home	408	Financial Planning	Major Purchases	Real Estate Acquisition
group_00116	to buy a car	407	Transportation	Vehicle Acquisition	Purchase Automobile
group_01139	to play sports professionally	362	Recreational	Competitive	"Professional 
Semiprofessional"
group_00418	to acquire a vehicle	361	Transportation	Vehicle Ownership	Purchasing a Car
group_00018	to get in shape	358	Beginner	Introduction to Fitness	"Start with short walks 
Intermediate"
group_00401	to fly	354	Aviation	Air Travel	Piloting
group_00334	to buy a phone	352	Shopping	Electronics	Mobile Device Purchase
group_00172	to write a book	351	Creative Activities	Literary Pursuits	Authoring a Novel
group_00876	to play a sport	351	Recreational	Casual	"To play a sport
Competitive"
group_00194	to achieve financial freedom	341	Financial Freedom	Wealth Creation	"Investing 
Financial Freedom"
group_00823	to create art	340	Expression	Visual Creation	"Painting
Expression"
group_00120	to be a dancer	324	Recreational	Hobbyist	"Casual dancer
Professional"
group_00137	to open a store	317	Business	Entrepreneurship	Starting a Retail Operation
group_00233	to play soccer	315	Sports	Team Sports	To play soccer
group_02578	to create clothing	310	Manufacturing	Textile Production	Garment Construction
group_00170	to own a vehicle	306	Possession	Vehicle Ownership	To own a vehicle
group_00322	to swim with animals	306	Recreational Activity	Wildlife Interaction	Snorkeling or scuba diving with marine life
group_00365	to play basketball	287	Sports	Team Sports	To play basketball
group_00089	to get married	282	Life Events	Major Milestones	Matrimony
group_00123	to act	280	Performing	Theatrical	"Drama 
Performing"
group_00294	to find a partner	280	Social	Relationship	Romantic
group_00726	to perform	279	Action	Execution	Carry out
group_00054	to be a nail technician	268	Career	Beauty and Wellness	Nail Technician
group_00037	to find a job	264	Career Development	Employment Search	Job Hunting
group_00047	to have money	262	Having Enough	Basic Needs	"To have money 
Having Comfort"
group_00315	to sing	255	Music	Vocal Performance	Singing
group_00497	to be happy	254	Emotional Wellbeing	Positive Emotions	Contentment
group_00062	to be a musician	247	Hobby	Casual Interest	"Playing for personal enjoyment
Professional"
group_00543	to have a home	245	Basic Needs	Shelter	To have a home
group_00781	to be an actor	243	Amateur	Hobbyist	"Community Theater 
Semi"
group_00092	to model	238	Verb	Action	Simulate
group_00397	to get a license	235	Legal	Government Services	Driver
group_00879	to be a successful athlete	232	Beginner	Developing Fundamentals	"Mastering Basic Techniques
Intermediate"
group_00356	to become famous	230	Local Recognition	Community Acknowledgement	"Known in Neighborhood
Regional Acclaim"
group_00660	to become a singer	224	Amateur	Hobbyist	"Take singing lessons
Semi"
group_00043	to meet a celebrity	216	Dream	Aspiration	To meet a celebrity
group_00765	to own property	215	Economic Freedom	Asset Ownership	To own property
group_00309	to make friends	213	Social Interaction	Building Relationships	"Forming Acquaintanceships 
Social Interaction"
group_00358	to dance	209	Recreational	Social	"Ballroom 
Recreational"
group_01977	to find a romantic partner	195	Social Interaction	Relationship Formation	Dating
group_01068	to join a sports team	189	Recreational Activity	Team Sports	Joining a Local Club
group_01411	to become wealthy	188	Financial Freedom	Wealth Creation	To become wealthy
group_00005	to buy property	187	Investment	Real Estate	To buy property
group_00097	to get money	186	Legal	Employment	"Salary
Legal"
group_00465	to achieve success	182	Setting Goals	Creating Objectives	"Defining Targets
Developing Strategies"
group_00107	to be a doctor	180	Career	Medical Profession	Physician
group_00240	to open a restaurant	179	Business	Entrepreneurship	Starting a restaurant
group_01205	to have sex	176	Intimacy	Physical Intimacy	Sexual Intercourse
group_00112	to succeed	173	Achievement	Personal Growth	To succeed
group_00151	to go on vacation	169	Travel	Leisure Activities	Take a Break
group_00180	to get a job	165	Level	Employment Search	To get a job
group_01344	to join the military	165	Career	Public Service	Enlistment
group_00601	to succeed in studies	164	Foundation	Academic Skills	"Time Management
Intermediate"
group_01066	to relocate	163	Move	Change location	Relocate
group_00303	to invest	162	Financial Management	Wealth Creation	To Invest
group_00450	to be successful	157	Foundation	Setting Goals	"Defining Success
Development"
group_00535	to buy a computer	156	Shopping	Electronics	Computer Purchase
group_00106	to get rich	155	Financial Freedom	Wealth Accumulation	To get rich
group_00341	to be a great athlete	155	Beginner	Fundamentals	"Mastering basic skills
Intermediate"
group_00269	to become a medical professional	152	Education	Medical School	"Doctor
Education"
group_00779	to succeed in business	152	Foundation	Setting Goals	"Defining Objectives
Development"
group_01713	to pass a test	152	Education	Assessment	Examination
group_00187	to be a fashion designer	151	Career	Creative Fields	Fashion Designer
group_00361	to be wealthy	149	Financial Stability	Middle Class	"Comfortable 
Financial Stability"
